S64,C
,
,
,
T26,C
T44,C
C49,C
T38,C
N59,C
,
S98,C
,
,
T27,C
R14,C
R16,C
S72,C
T31,C
N56,C
C55,C
C73,C
S70,C
T33,C
N74,C
R29,C
C69,C
S47,C
N57,D
R53,C
R17,C
C45,C
N49,C
C74,C
S44,C
S38,C
T25,C
C65,C
R22,C
N73,C
N90,C
T45,C
,
S66,D
S68,C
T29,C
R41,C
N40,C
S95,C
S50,C
T28,C
S94,D
N48,C
C38,C
N89,C
,
N51,B
S75,B
C98,B
T02,B
N91,B
R39,C
T04,C
C96,B
N53,B
S76,B
N79,B
S71,B
C78,C
T36,C
S34,B
C94,B
T43,C
N45,B
,
T01,B
,
,
T40,A
R48,B
T18,B
R34,B
,
T17,C
C58,C
S46,C
C46,C
C56,B
C67,B
T08,B
R37,B
R52,B
,
S48,B
,
R11,C
R28,B
N85,B
N80,B
,
T09,B
T61,B
C99,B
C93,B
R33,B
R46,B
T39,B
R51,B
C81,B
R27,B
R21,C
N72,B
S55,B
R44,B
,
C51,C
S88,C
,
C39,C
,
C40,C
,
R20,C
N75,C
S90,C
T50,C
R40,C
T51,C
C52,C
N65,C
N76,C
N50,C
S58,C
N60,C
C71,C
T52,C
N84,C
,
,
,
,
C42,C
,
,
,
,
,
,
,
,
,
R42,C
S40,C
,
,
,
,
,
,
,
T56,C
,
,
,
,
S53,C
T13,C
C62,C
S99,C
,
T05,C
,
,
R50,C
N43,C
C48,C
N44,C
,
C89,C
,
S45,C
R56,C
N93,C
S33,C
R54,C
C41,C
S42,C
,
,
,
,
N71,C
,
,
,
,
,
N41,C
S91,C
T06,C
S73,C
C75,C
C50,C
C53,C
,
R43,C
N69,C
R45,C
C97,C
N83,C
S67,C
,
C72,C
,
C47,A
R26,C
R49,C
,
S43,A
N86,A
N70,A
S41,A
N66,A
T54,A
T53,A
N77,A
T48,A
N95,A
,
T60,C
R18,C
C68,C
R13,C
S82,C
C43,C
T57,C
T15,C
C54,C
T55,C
C57,C
N81,C
T58,C
C70,C
C80,C
,
,
R55,C
S54,C
N94,C
N54,C
C85,C
R12,C
S69,C
T30,C
T42,C
R47,C
N55,C
S97,C
N64,C
,
N42,C
S63,C
S74,C
T49,C
N87,A
C61,D
N92,D
T20,D
R25,A
N88,A
T59,D
R36,D
S35,D
T23,D
C60,D
T46,D
S51,D
N82,D
R35,D
S56,D
C83,D
C59,D
R31,C
,
T22,D
,
,
S89,D
N67,A
R32,A
S86,A
R19,A
C66,D
T35,D
N68,D
R24,D
C64,D
C63,D
S93,D
N78,D
S39,D
